{"iob":0.8788532514222223,"activity":0.005632098765432097,"bolusiob":0.5444083534666667}
