{"iob":0.012372730480000005,"activity":0.0014201058201058203,"bolusiob":0}
