{"iob":1.3254566241222223,"activity":0.009037742504409169,"bolusiob":0.9950686590222222}
