{"iob":0.2919771736933341,"activity":0.02392839506172839,"bolusiob":0}
