{"iob":1.0827407720666669,"activity":0.021943562610229277,"bolusiob":0.06489531493333334}
