{"iob":0.6822228845288889,"activity":0.0016782716049382712,"bolusiob":0.6372835674488888}
