{"iob":4.58710912141111,"activity":0.04093121693121692,"bolusiob":2.3028979166666668}
