{"iob":0.6628485960666668,"activity":0.01728747795414462,"bolusiob":0}
