{"iob":0.023251017790000484,"activity":0.00843333333333332,"bolusiob":0}
