{"iob":0.9783143320666668,"activity":0.020885361552028216,"bolusiob":0.022881554933333437}
