{"iob":0.03838624841999998,"activity":0.00237142857142857,"bolusiob":0}
