{"iob":0.5780020247555555,"activity":0.010817283950617282,"bolusiob":0.05211011346666672}
