{"iob":1.2224812768,"activity":0.0095026455026455,"bolusiob":0.9315500800000001}
