{"iob":0.9966194842755557,"activity":0.0013823633156966456,"bolusiob":0.9922437416888888}
