{"iob":0.9247840707333335,"activity":0.020320987654320985,"bolusiob":0.009129576266666772}
