{"iob":0.004321556079999977,"activity":0.0009121693121693121,"bolusiob":0}
