{"iob":0.6461969080666667,"activity":0.01707583774250441,"bolusiob":0}
