{"iob":0.4972998834133333,"activity":0.004056296296296295,"bolusiob":0.23587490432000002}
