{"iob":1.8316620896,"activity":0.009274074074074072,"bolusiob":1.3730224384}
