{"iob":0.6991867106622222,"activity":0.00022641975308641967,"bolusiob":0.6978790319822221}
