{"iob":1.2848043142222227,"activity":0.022217636684303325,"bolusiob":0.7076827070222222}
