{"iob":0.3613982420333334,"activity":0.00901410934744268,"bolusiob":0}
