{"iob":0.5337240414666667,"activity":0.010895943562610227,"bolusiob":0.02878687253333334}
