{"iob":0.6919602457599999,"activity":0.0010577777777777775,"bolusiob":0.67313029504}
