{"iob":1.2507988023555556,"activity":0.009377072310405642,"bolusiob":0.9557541560888889}
