{"iob":0.26192387128,"activity":0.005928042328042327,"bolusiob":0.00042850111999996886}
