{"iob":0.002933388419999994,"activity":0.0007841269841269818,"bolusiob":0}
