{"iob":1.8110382176,"activity":0.009866666666666664,"bolusiob":1.2934901504000003}
