{"iob":4.413119192833333,"activity":0.04305643738977072,"bolusiob":1.9232716640000003}
