{"iob":-0.00013472552000002303,"activity":0.0001502645502645502,"bolusiob":0}
