{"iob":0.969280238088889,"activity":0.002669135802469135,"bolusiob":0.8904676990222222}
