{"iob":0.9629044194222223,"activity":0.002965432098765431,"bolusiob":0.8664460243555555}
