{"iob":0.7672040040666668,"activity":0.018557319223985888,"bolusiob":0}
