{"iob":0.5514819954133333,"activity":0.002722962962962962,"bolusiob":0.4195438856533332}
