{"iob":0.07870916441999999,"activity":0.0033238095238095227,"bolusiob":0}
