{"iob":0.9922437416888888,"activity":0.0011901234567901233,"bolusiob":0.9749260600888888}
