{"iob":0.94444,"activity":0.003703703703703703,"bolusiob":0.79628}
