{"iob":0.01782159288000007,"activity":0.0016698412698412698,"bolusiob":0}
