{"iob":0.6482693042622222,"activity":0.003026419753086419,"bolusiob":0.5082105263822223}
