{"iob":0.682479518088889,"activity":0.0093358024691358,"bolusiob":0.13984675346666675}
