{"iob":4.543877084833333,"activity":0.04146913580246912,"bolusiob":2.203581824}
