{"iob":0.32922702808,"activity":0.006626455026455025,"bolusiob":0.02168440831999998}
