{"iob":0.0017500480633334315,"activity":0.0020940035273368544,"bolusiob":0}
