{"iob":0.6725342163555555,"activity":0.009486419753086417,"bolusiob":0.12899357653333332}
