{"iob":0.5128466140333334,"activity":0.010686067019400352,"bolusiob":0.01978940946666663}
