{"iob":5.319557468666668,"activity":0.1401128747795414,"bolusiob":0.10866519680000009}
