{"iob":0.7553939927555556,"activity":0.008150617283950615,"bolusiob":0.2405179854666667}
