{"iob":0.8259687123555556,"activity":0.006819753086419751,"bolusiob":0.3858587605333334}
