{"iob":0.5957136818133333,"activity":0.0006785185185185184,"bolusiob":0.5862475912533334}
