{"iob":0.6297569000666667,"activity":0.016864197530864197,"bolusiob":0}
