{"iob":0.5625525106133333,"activity":0.0023674074074074066,"bolusiob":0.46204802645333337}
