{"iob":1.1354357711000005,"activity":0.014966137566137563,"bolusiob":0.5192933152}
