{"iob":0.5998460494133333,"activity":0.0000548148148148148,"bolusiob":0.5996582936533333}
