{"iob":1.0536459954555557,"activity":0.013824691358024688,"bolusiob":0.40045865813333337}
