{"iob":0.009960031619999987,"activity":0.0012920634920634913,"bolusiob":0}
