{"iob":0.5967883959955556,"activity":0.004374567901234566,"bolusiob":0.3210244940933334}
