{"iob":1.6807966468444444,"activity":0.013032098765432097,"bolusiob":0.8476268562666667}
