{"iob":0.6424664407555556,"activity":0.009928395061728393,"bolusiob":0.09967177746666672}
