{"iob":0.34264454901333324,"activity":0.006545185185185184,"bolusiob":0.028851326720000015}
