{"iob":1.577119217511111,"activity":0.01510617283950617,"bolusiob":0.6030936722666668}
