{"iob":1.6381413828444444,"activity":0.013920987654320986,"bolusiob":0.7377466002666667}
