{"iob":1.8214983136,"activity":0.009570370370370368,"bolusiob":1.3338489344000002}
