{"iob":4.906944370611111,"activity":0.03671604938271604,"bolusiob":3.149128073777778}
