{"iob":0.00033057401999996293,"activity":0.0004031746031746025,"bolusiob":0}
