{"iob":1.5282412335111109,"activity":0.015995061728395057,"bolusiob":0.5109945362666667}
