{"iob":0.06660781528000001,"activity":0.0030708994708994702,"bolusiob":0}
