{"iob":0.23000430889333368,"activity":0.02148395061728395,"bolusiob":0}
