{"iob":0.19718235401999998,"activity":0.005165079365079364,"bolusiob":0}
