{"iob":0.29757962922,"activity":0.006307936507936506,"bolusiob":0.008178104879999969}
