{"iob":0.5977771336000002,"activity":0.016444444444444442,"bolusiob":0}
