{"iob":3.9919729633666665,"activity":0.047885361552028216,"bolusiob":1.196648384}
