{"iob":1.227847122222222,"activity":0.019804938271604903,"bolusiob":0.6491298750222223}
