{"iob":1.8780361696,"activity":0.007792592592592591,"bolusiob":1.5511107584}
