{"iob":5.1856278484,"activity":0.12134497354497352,"bolusiob":0.9806990856000001}
