{"iob":1.3162922707888889,"activity":0.009080070546737214,"bolusiob":0.9922437416888888}
