{"iob":0.9988323701422223,"activity":0.0017421516754850047,"bolusiob":0.9973009363555555}
