{"iob":4.1846069728333335,"activity":0.04570194003527336,"bolusiob":1.4984240640000002}
