{"iob":0.001820064879999972,"activity":0.0006582010582010574,"bolusiob":0}
