{"iob":0.6025609600000001,"activity":0.016507936507936506,"bolusiob":0}
