{"iob":3.943015211111111,"activity":0.048509700176366834,"bolusiob":1.1276483166666669}
