{"iob":6.165698517600001,"activity":0.1510356261022927,"bolusiob":0.3033024277333327}
