{"iob":0.20740710328,"activity":0.0052931216931216924,"bolusiob":0}
