{"iob":5.161398301411111,"activity":0.032994708994708986,"bolusiob":3.8153973911111114}
