{"iob":0.9268793154222222,"activity":0.004298765432098764,"bolusiob":0.7290128083555556}
