{"iob":1.9025333261777777,"activity":0.006902292768959435,"bolusiob":1.6442252028444444}
