{"iob":0.9751091199999999,"activity":0.00237037037037037,"bolusiob":0.91228928}
