{"iob":3.8415458244444443,"activity":0.0497795414462081,"bolusiob":0.993624316666667}
