{"iob":0.9559359607555555,"activity":0.0032617283950617275,"bolusiob":0.8400537896888889}
