{"iob":1.8001000175111113,"activity":0.0101679012345679,"bolusiob":1.2512436433777776}
