{"iob":0.7732249667333333,"activity":0.01862786596119929,"bolusiob":0}
