{"iob":0.07658921757666644,"activity":0.013349382716049369,"bolusiob":0}
