{"iob":0.5047155968000001,"activity":0.010603174603174602,"bolusiob":0.016694547199999965}
