{"iob":1.1099462138555558,"activity":0.013652557319223983,"bolusiob":0.47886418666666675}
