{"iob":0.5671163927955555,"activity":0.004996790123456788,"bolusiob":0.2435748812933334}
