{"iob":1.1939814496000003,"activity":0.02112592592592592,"bolusiob":0.1283230784}
