{"iob":0.004974245120000354,"activity":0.002755555555555555,"bolusiob":0}
