{"iob":0.25051248568,"activity":0.005801058201058199,"bolusiob":-0.00013400127999998456}
