{"iob":5.534872601277777,"activity":0.026205996472663133,"bolusiob":4.6563389036444445}
