{"iob":0.22845176248,"activity":0.005547089947089945,"bolusiob":0}
