{"iob":0.337367256893333,"activity":0.025558024691358018,"bolusiob":0}
