{"iob":0.28550869048,"activity":0.006182010582010581,"bolusiob":0.004601697919999958}
