{"iob":0.4642080448000001,"activity":0.01017989417989418,"bolusiob":0.004941139200000055}
