{"iob":0.4720074300333334,"activity":0.010262786596119929,"bolusiob":0.006709473466666616}
