{"iob":0.10081729837666682,"activity":0.014979012345678997,"bolusiob":0}
