{"iob":0.5765256654133333,"activity":0.0018325925925925923,"bolusiob":0.5152663576533333}
