{"iob":0.21771474762,"activity":0.005419047619047618,"bolusiob":0}
