{"iob":5.091115300833334,"activity":0.034061728395061726,"bolusiob":3.6378674441333327}
