{"iob":0.7201220354222222,"activity":0.008743209876543208,"bolusiob":0.18679548946666674}
