{"iob":1.9325451801777778,"activity":0.005624691358024691,"bolusiob":1.7583064273777778}
