{"iob":0.6000828034222223,"activity":0.010520987654320985,"bolusiob":0.06627056146666677}
