{"iob":1.3070855974555555,"activity":0.009122398589065253,"bolusiob":0.9888261843555555}
