{"iob":0.5395376434622222,"activity":0.005515308641975306,"bolusiob":0.1871832172933334}
