{"iob":4.090299562744444,"activity":0.04675132275132274,"bolusiob":1.3445603166666666}
