{"iob":2.041740966444445,"activity":0.04172239858906524,"bolusiob":1.042891990222222}
