{"iob":1.3345786574555556,"activity":0.008995414462081129,"bolusiob":0.9973009363555555}
