{"iob":4.669872896833334,"activity":0.03988183421516754,"bolusiob":2.502943184}
