{"iob":0.03408942762000001,"activity":0.0022444444444444434,"bolusiob":0}
