{"iob":0.19306077277666722,"activity":0.01986790123456788,"bolusiob":0}
