{"iob":0.07255785688000001,"activity":0.0031978835978835976,"bolusiob":0}
