{"iob":1.040625887188889,"activity":0.013864197530864195,"bolusiob":0.38345178666666674}
