{"iob":0.8839158054999999,"activity":0.014331216931216929,"bolusiob":0.21035485120000003}
