{"iob":5.019895160077778,"activity":0.0351111111111111,"bolusiob":3.4531971777777777}
