{"iob":1.7077518895111112,"activity":0.012439506172839504,"bolusiob":0.9251139602666667}
