{"iob":0.9450149362666667,"activity":0.020536155202821867,"bolusiob":0.01366233173333331}
