{"iob":1.1309798813688887,"activity":0.010470335097001762,"bolusiob":0.6528611200000001}
