{"iob":0.8536561740888889,"activity":0.00622469135802469,"bolusiob":0.4618973774666667}
