{"iob":0.5675141791199999,"activity":0.0021911111111111103,"bolusiob":0.48101314848}
