{"iob":0.04076247091666665,"activity":0.006041446208112866,"bolusiob":0}
