{"iob":0.7801576403555556,"activity":0.00770864197530864,"bolusiob":0.2849960725333334}
