{"iob":0.6781400887955554,"activity":0.0018856790123456784,"bolusiob":0.6219895045155555}
