{"iob":0.030910481919999788,"activity":0.005379894179894182,"bolusiob":0}
