{"iob":0.5914201902133334,"activity":0.0010325925925925923,"bolusiob":0.5708441368533334}
