{"iob":1.6082229401777777,"activity":0.014513580246913578,"bolusiob":0.6687266962666667}
