{"iob":1.8509435908444445,"activity":0.008686419753086419,"bolusiob":1.447209936711111}
