{"iob":0.6054801097955554,"activity":0.0041758024691358015,"bolusiob":0.34801370762666667}
