{"iob":4.457965045411111,"activity":0.04251851851851851,"bolusiob":2.0161315166666665}
