{"iob":0.5661136680666669,"activity":0.016017636684303352,"bolusiob":0}
