{"iob":0.6964291382222222,"activity":0.000639506172839506,"bolusiob":0.6889143395555555}
