{"iob":1.8413675161777778,"activity":0.008982716049382715,"bolusiob":1.4103872380444444}
