{"iob":1.7780715887111112,"activity":0.010750617283950615,"bolusiob":1.1660437415111113}
