{"iob":0.23926320521999997,"activity":0.005673015873015871,"bolusiob":0}
