{"iob":0.9050983027333335,"activity":0.020109347442680774,"bolusiob":0.005524904266666297}
