{"iob":0.8985834200666668,"activity":0.02003880070546737,"bolusiob":0.0045115069333330204}
