{"iob":0.9185273416000002,"activity":0.020253968253968253,"bolusiob":0.007896486399999736}
