{"iob":0.6980078509288888,"activity":0.00043382716049382707,"bolusiob":0.6942007130488889}
