{"iob":0.44265072000000005,"activity":0.009947089947089946,"bolusiob":0.0013640799999998787}
