{"iob":1.403821404177778,"activity":0.018069135802469133,"bolusiob":0.3257317522666666}
