{"iob":0.3494793550133334,"activity":0.0064548148148148125,"bolusiob":0.032884036719999975}
