{"iob":0.4922153420333334,"activity":0.01047442680776014,"bolusiob":0.012402721466666655}
