{"iob":0.1399597943333337,"activity":0.017246913580246895,"bolusiob":0}
