{"iob":4.751224504833333,"activity":0.038823633156966485,"bolusiob":2.713101424}
