{"iob":4.792426920344444,"activity":0.03827689594356261,"bolusiob":2.827078855111111}
