{"iob":0.21097662329333333,"activity":0.020669135802469138,"bolusiob":0}
