{"iob":0.0377787984933335,"activity":0.010076543209876531,"bolusiob":0}
