{"iob":0.18729718122,"activity":0.005038095238095237,"bolusiob":0}
