{"iob":0.70223824,"activity":0.017777777777777774,"bolusiob":0}
