{"iob":0.6107218643555555,"activity":0.010375308641975306,"bolusiob":0.07385376853333336}
