{"iob":0.6013707378622222,"activity":0.004270864197530862,"bolusiob":0.3349699948933334}
