{"iob":4.232142518744444,"activity":0.045164021164021156,"bolusiob":1.5805235166666667}
