{"iob":5.195451286744445,"activity":0.03246560846560846,"bolusiob":3.8995978444444437}
