{"iob":5.604673856166667,"activity":0.14474250440917102,"bolusiob":0.1628094546666654}
