{"iob":0.9171611923555556,"activity":0.00459753086419753,"bolusiob":0.6916342627555555}
