{"iob":1.916673148177778,"activity":0.0065276895943562575,"bolusiob":1.6991214460444444}
