{"iob":4.8602719374111105,"activity":0.03735978835978836,"bolusiob":3.019430044444444}
