{"iob":1.104261100066667,"activity":0.022155202821869488,"bolusiob":0.07583822693333353}
