{"iob":1.8693539936,"activity":0.008088888888888887,"bolusiob":1.5178636544}
