{"iob":0.6841087143955555,"activity":0.0015745679012345675,"bolusiob":0.6443083269155555}
