{"iob":0.8098446627333333,"activity":0.019051146384479717,"bolusiob":0.00020234426666654315}
