{"iob":1.0194498680666668,"activity":0.02130864197530864,"bolusiob":0.03714689893333345}
