{"iob":0.0023501816800000517,"activity":0.0007216931216931208,"bolusiob":0}
