{"iob":1.5555861515555551,"activity":0.031064197530864174,"bolusiob":0.8774573128888888}
