{"iob":0.8961953794222223,"activity":0.005187654320987653,"bolusiob":0.6107218643555555}
