{"iob":0.003589454819999993,"activity":0.0008476190476190474,"bolusiob":0}
