{"iob":0.6213943230222222,"activity":0.010227160493827159,"bolusiob":0.08198533653333334}
