{"iob":5.4483341848333335,"activity":0.028241622574955903,"bolusiob":4.480723348133333}
