{"iob":0.7374519907333333,"activity":0.018204585537918868,"bolusiob":0}
