{"iob":0.27358927287999996,"activity":0.006055026455026454,"bolusiob":0.0020070675199998834}
