{"iob":0.9851114547333334,"activity":0.02095590828924162,"bolusiob":0.02502391226666667}
