{"iob":0.5286860978133333,"activity":0.003345185185185184,"bolusiob":0.3316028019200001}
