{"iob":1.745962353511111,"activity":0.011550617283950616,"bolusiob":1.0476950162666667}
