{"iob":11.30380568818889,"activity":0.151089594356261,"bolusiob":4.112894326133333}
