{"iob":5.5905212149666665,"activity":0.02461375661375661,"bolusiob":4.763078297777779}
