{"iob":0.4698661333333333,"activity":0.004592592592592591,"bolusiob":0.17443360000000005}
