{"iob":0.9888571127555555,"activity":0.0014839506172839505,"bolusiob":0.9628487976888889}
