{"iob":0.8664460243555555,"activity":0.005930864197530862,"bolusiob":0.5019624085333334}
