{"iob":1.8864220256000002,"activity":0.007496296296296295,"bolusiob":1.5831725823999998}
