{"iob":0.5887086770133333,"activity":0.0012118518518518515,"bolusiob":0.5608944520533333}
