{"iob":1.929965745677778,"activity":0.006156261022927687,"bolusiob":1.7490261788444443}
