{"iob":0.6681657600000002,"activity":0.01735449735449735,"bolusiob":0}
