{"iob":0.5206038840666667,"activity":0.015382716049382714,"bolusiob":0}
