{"iob":0.31641855447999995,"activity":0.006499470899470898,"bolusiob":0.015533553919999976}
