{"iob":0.9359220140888889,"activity":0.004002469135802468,"bolusiob":0.7637020030222221}
