{"iob":0.6343575062222222,"activity":0.003439506172839505,"bolusiob":0.4546289315555556}
