{"iob":0.007855893380000012,"activity":0.001167195767195766,"bolusiob":0}
