{"iob":1.0685114867333334,"activity":0.021802469135802468,"bolusiob":0.05807044026666652}
