{"iob":0.98029472,"activity":0.0020740740740740737,"bolusiob":0.9315500800000001}
