{"iob":0.06955108408000003,"activity":0.0031343915343915343,"bolusiob":0}
