{"iob":0.8413224776000001,"activity":0.019407407407407404,"bolusiob":-0.00036936959999978036}
