{"iob":0.6858908322622221,"activity":0.0014708641975308637,"bolusiob":0.6509182383822222}
