{"iob":0.8114157580888889,"activity":0.0071135802469135785,"bolusiob":0.35083171346666675}
