{"iob":0.9848518540888889,"activity":0.0017802469135802467,"bolusiob":0.9483093630222221}
