{"iob":1.126284017777778,"activity":0.022024691358024685,"bolusiob":0.08742442666666661}
