{"iob":0.021050930820000025,"activity":0.0017999999999999995,"bolusiob":0}
