{"iob":5.357260292833333,"activity":0.029828924162257492,"bolusiob":4.281331636133333}
