{"iob":0.4522228780333334,"activity":0.010051146384479716,"bolusiob":0.002709665466666733}
