{"iob":0.030079263280000077,"activity":0.002118518518518518,"bolusiob":0}
