{"iob":0.9951169558855552,"activity":0.0010195767195767104,"bolusiob":0.9847441294222222}
