{"iob":0.9129439542222224,"activity":0.01424585537918871,"bolusiob":0.23814430813333343}
