{"iob":0.5137041586133333,"activity":0.0037007407407407397,"bolusiob":0.28170672512}
