{"iob":5.293898764833333,"activity":0.03088712522045855,"bolusiob":4.135704628133333}
