{"iob":0.9978209570222222,"activity":0.013993298059964724,"bolusiob":0.33044749586666666}
