{"iob":5.477149915944445,"activity":0.027721340388007047,"bolusiob":4.54110531431111}
