{"iob":1.343658370788889,"activity":0.008953086419753085,"bolusiob":0.9989405736888889}
