{"iob":0.5355621320666668,"activity":0.015594356261022926,"bolusiob":0}
