{"iob":1.2793675648,"activity":0.009248677248677247,"bolusiob":0.9751091199999999}
