{"iob":0.05545996969333305,"activity":0.011706172839506172,"bolusiob":0}
