{"iob":0.000013903619999910965,"activity":0.000022222222222222088,"bolusiob":0}
