{"iob":4.830459632833334,"activity":0.03776543209876543,"bolusiob":2.935449663999999}
