{"iob":0.3972417780333334,"activity":0.009437389770723103,"bolusiob":0}
