{"iob":0.47699922006666684,"activity":0.01474779541446208,"bolusiob":0}
