{"iob":-0.000027051920000009665,"activity":0.000277248677248677,"bolusiob":0}
