{"iob":0.05028178648000002,"activity":0.0026899470899470895,"bolusiob":0}
