{"iob":0.5774219085288889,"activity":0.004789382716049381,"bolusiob":0.2682060108933334}
