{"iob":1.1781295302222223,"activity":0.017392239858906505,"bolusiob":0.5852432830222223}
