{"iob":0.5061013576000002,"activity":0.015174603174603172,"bolusiob":0}
