{"iob":1.814382641511111,"activity":0.009772839506172838,"bolusiob":1.306398672711111}
