{"iob":0.0009503432799999878,"activity":0.0005312169312169307,"bolusiob":0}
