{"iob":0.5965700466133333,"activity":0.0005896296296296295,"bolusiob":0.5892285704533332}
