{"iob":0.009489680320000115,"activity":0.00341164021164021,"bolusiob":0}
