{"iob":0.7961503394222222,"activity":0.007409876543209875,"bolusiob":0.31719670546666673}
