{"iob":0.011144069680000035,"activity":0.0013566137566137558,"bolusiob":0}
