{"iob":5.563101628888889,"activity":0.02540987654320987,"bolusiob":4.711021204133333}
