{"iob":0.6627692994222223,"activity":0.009632098765432097,"bolusiob":0.11891254546666663}
