{"iob":0.58723186816,"activity":0.004583703703703703,"bolusiob":0.29380251263999996}
