{"iob":2.121444559244444,"activity":0.04279541446208112,"bolusiob":1.0633021618222223}
