{"iob":4.314203505633333,"activity":0.04422045855379187,"bolusiob":1.7298189760000005}
