{"iob":0.4840813740333334,"activity":0.010389770723104055,"bolusiob":0.009922209466666665}
