{"iob":0.8400537896888889,"activity":0.006523456790123455,"bolusiob":0.4228665365333334}
