{"iob":0.8039901256000002,"activity":0.018984126984126982,"bolusiob":0}
