{"iob":0.3864363243766665,"activity":0.027201234567901224,"bolusiob":0}
