{"iob":1.9236938489666668,"activity":0.0063340388007054665,"bolusiob":1.7257025024}
