{"iob":1.3815941736888886,"activity":0.046541798941798926,"bolusiob":0.1227937525333333}
