{"iob":4.983196574744444,"activity":0.03564021164021163,"bolusiob":3.3560927777777776}
