{"iob":1.0410349779333334,"activity":0.021527336860670192,"bolusiob":0.04584432506666669}
