{"iob":3.890906488577778,"activity":0.04916578483245149,"bolusiob":1.0573453593333337}
