{"iob":0.7318655816000001,"activity":0.018137566137566136,"bolusiob":0}
