{"iob":0.005953325679999999,"activity":0.0010391534391534388,"bolusiob":0}
