{"iob":1.3656060015111111,"activity":0.018661728395061725,"bolusiob":0.2804200082666667}
