{"iob":5.26196989741111,"activity":0.0314074074074074,"bolusiob":4.06037923111111}
