{"iob":0.7143636456000001,"activity":0.01792592592592592,"bolusiob":0}
