{"iob":0.7014402323555556,"activity":0.009041975308641974,"bolusiob":0.1622788405333334}
