{"iob":5.3881473768333334,"activity":0.02929982363315696,"bolusiob":4.350335380133333}
