{"iob":0.6102963222222222,"activity":0.004061728395061727,"bolusiob":0.3639948666666667}
