{"iob":0.6944055874622223,"activity":0.0008486419753086417,"bolusiob":0.6818658991822222}
