{"iob":0.5553792380333334,"activity":0.011109347442680774,"bolusiob":0.039643105466666606}
