{"iob":1.2859624700444443,"activity":0.01984197530864197,"bolusiob":0.20026431573333348}
