{"iob":0.5785034162133333,"activity":0.0017451851851851847,"bolusiob":0.5227402888533332}
