{"iob":0.5822607538133333,"activity":0.001567407407407407,"bolusiob":0.5368806792533333}
