{"iob":0.5453553248888888,"activity":0.005409876543209875,"bolusiob":0.1980494506666667}
