{"iob":1.1492775855111113,"activity":0.02172345679012345,"bolusiob":0.1002642109333336}
