{"iob":0.5213729202133334,"activity":0.003522962962962962,"bolusiob":0.30614673152000005}
