{"iob":0.21248639321999999,"activity":0.005355555555555554,"bolusiob":0}
