{"iob":0.6970733896000001,"activity":0.01771428571428571,"bolusiob":0}
