{"iob":0.003208683519999722,"activity":0.0024275132275132275,"bolusiob":0}
