{"iob":0.012275614376666211,"activity":0.006830864197530847,"bolusiob":0}
