{"iob":1.2416126528000002,"activity":0.009417989417989417,"bolusiob":0.94844032}
