{"iob":0.015020564079999986,"activity":0.0015470899470899462,"bolusiob":0}
