{"iob":0.02245779872000018,"activity":0.004723809523809521,"bolusiob":0}
