{"iob":2.5626752174222216,"activity":0.059740740740740726,"bolusiob":0.8526651688888889}
