{"iob":1.3265385553777778,"activity":0.01924938271604938,"bolusiob":0.23883052373333324}
