{"iob":1.0263881107333335,"activity":0.02137918871252204,"bolusiob":0.03985373626666666}
